{
    "matrixs": {
        "thermal":[
					[2.2406470396,0.0802923339,635.6163566921],
				    [0.0348534147,2.415488519,79.8781279297]
				  ]}
				  
	"maximum_internal_rectangle": {
        "thermal":[1，2，3，4]
    
	}
}